arstotskiano,Aye,005/2023
thatbritishlad,Aye,005/2023
ostland,Abstain,005/2023
grunhold,Aye,005/2023
matchasachi,Abstain,005/2023
aynia,Aye,005/2023
rosamie,Aye,006/2023
valfortalleyrand,Aye,006/2023
sy.haruka,Abstain,006/2023
rikorepublic,Aye,006/2023
arstotskiano,Aye,006/2023
alex.mason1985,Aye,006/2023
grunhold,Aye,006/2023
maisel,Aye,006/2023
jeeve.,Aye,006/2023
bronyleader,Aye,006/2023
thatbritishlad,Aye,006/2023
omnidotnet,Aye,006/2023
matchasachi,Abstain,006/2023
aynia,Abstain,006/2023
kinglykdon,Abstain,006/2023
ostland,Aye,006/2023
